,Owner,Caption:,Shortcode,Title,Date,Typename
0,tienda_jodaka,Afinamiento de cintura en Â¡6 Hâ€¦,CduUJUOF4wa,,2022-05-19 02:57:10,"Afinamiento de cintura en Â¡6 HORAS! diarias, es posible con nuestra âœ¨ BODY reloj de arenaâœ¨

5 tallas para Â¡SEGUIR REDUCIENDO!ğŸ˜±

XS, S, M, L, XL

$49.990

Compra directamente en nuestra pÃ¡gina web.
www.modakingchile.cl

Recuerda que puedes pagar con tarjetas de crÃ©ditos (en cuotas), tarjetas de dÃ©bitos y transferencias.

Hacemos envÃ­os a todo CHILE ğŸ‡¨ğŸ‡± 

ğŸ‘‰ğŸ¼ Compra nuestras fajas originales, revisa el sello MODA KING PERÃš en la parte trasera de tu empaqueğŸ‘ˆğŸ¼

Somos la tienda oficial en ChileğŸ¤©
Evita comprar rÃ©plicasâŒ

Tienda fÃ­sica:
Antonio Varas #1440, local 6, ProvidenciağŸ“ 

ğŸš‡ Metro cercano INÃ‰S DE SUÃREZ, lÃ­nea 6.

Horario:
Lunes a viernes: 11:00 a 19:00
SÃ¡bado: 10:30 a 15:00

+56 (9) 6351 6892"
1,tienda_jodaka,â™¥ï¸Sigue @tiendapaulichile los â€¦,CduNVttNMDD,,2022-05-19 01:57:31,"â™¥ï¸Sigue @tiendapaulichile los mejores productos directo de ğŸ‡ºğŸ‡¸ ğŸ‡ºğŸ‡¸ entrega inmediata. ğŸš› @tiendapaulichile
ğŸ“¦ @tiendapaulichile"
2,tienda_jodaka,â™¥ï¸Sigue @tiendapaulichile los â€¦,CduNUcjNXku,,2022-05-19 01:57:21,"â™¥ï¸Sigue @tiendapaulichile los mejores productos directo de ğŸ‡ºğŸ‡¸ ğŸ‡ºğŸ‡¸ entrega inmediata. ğŸš› @tiendapaulichile
ğŸ“¦ @tiendapaulichile"
3,tienda_jodaka,Esto y Mucho MÃ¡s en @frikishopâ€¦,CduItRwDm-U,,2022-05-19 01:17:16,Esto y Mucho MÃ¡s en @frikishop.chile ğŸ¤©
4,tienda_jodaka,Esto y Mucho MÃ¡s en @frikishopâ€¦,CduIq4njSoo,,2022-05-19 01:17:00,Esto y Mucho MÃ¡s en @frikishop.chile ğŸ¤©
5,tienda_jodaka,Esto y mÃ¡s en nuestra cuenta! â€¦,CduDwktDIwC,,2022-05-19 00:33:49,"Esto y mÃ¡s en nuestra cuenta! â¬‡ï¸

@CalzadosBalcazar
@CalzadosBalcazar
@CalzadosBalcazar"
6,siemprelinda23,â¤ï¸,CdmMLfTr1mV,,2022-05-15 23:13:28,â¤ï¸
7,siemprelinda23,rojo â¤ï¸ rosado ğŸ‘› o amarillo ğŸ¥?,CdmKVE4ru6w,,2022-05-15 22:57:18,rojo â¤ï¸ rosado ğŸ‘› o amarillo ğŸ¥?
8,siemprelinda23,6 diseÃ±os que no te puedes perâ€¦,Cdljc-sA9vV,,2022-05-15 17:17:53,6 diseÃ±os que no te puedes perder ğŸ¥°ğŸ¥°ğŸ¥°ğŸ¥°ğŸ¥°ğŸ¥°ğŸ¥°
9,siemprelinda23,hoy me levantÃ© a las 5 de la mâ€¦,CdhWcvgA4QB,,2022-05-14 02:08:12,"hoy me levantÃ© a las 5 de la maÃ±ana ğŸ˜¦ 5:50 estaba en el bus, son las 22 horas y es hora de armar pedidos de region â™¥ï¸ 
para darme Ã¡nimo hice un reels en esos dÃ­as donde uno duda â€¦ y mÃ¡s si sacaron el alcohol gel de funcionamiento ya nos vamos a morir todos ğŸ˜‚ğŸ˜‚ğŸ˜‚ğŸ˜‚ 

#profesionaldesalud #tecnÃ³logamÃ©dica #pymechilena #calzaschile #confeccionnacional"
10,siemprelinda23,ay que difÃ­cil ğŸ¥²ğŸ¥²ğŸ¥²ğŸ¥² no me gustâ€¦,CdgnfbEJo5F,,2022-05-13 19:16:40,ay que difÃ­cil ğŸ¥²ğŸ¥²ğŸ¥²ğŸ¥² no me gusta elegir â˜¹ï¸
11,siemprelinda23,para dÃ­as nublados como hoy.. â€¦,CddvKNsrpgV,,2022-05-12 16:25:58,para dÃ­as nublados como hoy.. vestidos ğŸ‘— ğŸ¥°ğŸ¥°ğŸ¥°ğŸ¥°ğŸ¥°
12,tienda_martina20,Beatle Cecilia $12.000 Blanco â€¦,CdIztctLjfE,,2022-05-04 13:21:40,"Beatle Cecilia $12.000
Blanco negro beinge y beinge oscuro 

Calza cuerina micro polar 
$12.000
Talla s 34/36 
Talla m 38/40 
Talla l 40/42 

@tienda_martina20 
@tienda_martina20"
13,tienda_martina20,Beatle Cecilia $12.000 Blanco â€¦,CdHoidNNpgW,,2022-05-04 02:24:49,"Beatle Cecilia $12.000
Blanco negro beinge y beinge oscuro 

Calza cuerina micro polar 
$12.000
Talla s 34/36 
Talla m 38/40 
Talla l 40/42 

@tienda_martina20 
@tienda_martina20"
14,tienda_martina20,Beatle Cecilia $12.000 Blanco â€¦,CdHcXxgN3jr,,2022-05-04 00:38:30,"Beatle Cecilia $12.000
Blanco negro beinge y beinge oscuro 

Calza cuerina micro polar 
$12.000
Talla s 34/36 
Talla m 38/40 
Talla l 40/42 

@tienda_martina20 
@tienda_martina20"
15,tienda_martina20,Camisa cuadro $20.000 Talla stâ€¦,Cc8a76xLCzQ,,2022-04-29 17:54:19,"Camisa cuadro $20.000
Talla standard 
Negro, gris , beinge y rosa 

Beatle Cecilia $12.000
Talla standard 
Beinge negro y blanco beinge oscuro 

Calza cuerina micro polar $12.000
Talla s 34/36 
Talla m 38/40 
Talla l 40/42 

@tienda_martina20 
@tienda_martina20"
16,tienda_martina20,ğŸ–¤tienda_martina20ğŸ–¤,Cc8a2hELCfl,,2022-04-29 17:53:34,ğŸ–¤tienda_martina20ğŸ–¤
17,tienda_martina20,Camisa cuadro $20.000 Talla stâ€¦,Cc7368oroER,,2022-04-29 12:48:21,"Camisa cuadro $20.000
Talla standard 
Negro, gris , beinge y rosa 

Beatle Cecilia $12.000
Talla standard 
Beinge negro y blanco beinge oscuro 

Calza cuerina micro polar $12.000
Talla s 34/36 
Talla m 38/40 
Talla l 40/42 

@tienda_martina20 
@tienda_martina20"
18,ingreidacl,Ya se estÃ¡ acabando el stock dâ€¦,CbI3MvQJRdu,,2022-03-15 20:49:22,Ya se estÃ¡ acabando el stock de prendas 2x1! Aprovechen que queda lo Ãºltimo antes de partir con lo nuevo ğŸ’£ 2x1 EN TODA LA TIENDA! Shop now! www.ingreida.cl
19,ingreidacl,www.ingreida.cl ğŸ”¥,CbAyskdrbpr,,2022-03-12 17:36:06,www.ingreida.cl ğŸ”¥
20,ingreidacl,POLAR INGREğŸ¤ ideal para esta tâ€¦,Ca9yxAHL5oz,,2022-03-11 13:38:59,POLAR INGREğŸ¤ ideal para esta temporada de transiciÃ³n â›…ï¸ lo mejor? EstÃ¡n 2x1 igual que toooooda la tienda ğŸ¤«
21,ingreidacl,Fucsia o azul? Para que elegirâ€¦,CavkKd4rerD,,2022-03-06 01:02:01,Fucsia o azul? Para que elegir si te puedes llevar los 2ğŸ¤­ TODA LA TIENDA ESTÃ 2x1
22,ingreidacl,Hoy ingresaron estas bombasğŸ¤ lâ€¦,CakUX01rQg0,,2022-03-01 16:12:24,Hoy ingresaron estas bombasğŸ¤ lo mejor es que entraron altiro al 2x1!!! Aprovechen esta promo que estÃ¡ imperdible!! www.ingreida.cl
23,ingreidacl,@keikitanida hermosaaa con nueâ€¦,CadRhmdrwae,,2022-02-26 22:32:50,@keikitanida hermosaaa con nuestro vestido DUSTYğŸ”¥ recuerden que toda la tienda estÃ¡ con 2x1! SHOP NOW! www.ingreida.cl
